id_chave_cliente,num_cpfcnpj,num_cpfcnpj14,filial,des_nome_cliente_razao_social,cod_hierarquia_gq_segmento,des_segmentacao,cod_hierarquia_plataforma,cod_hierarquia_gerente,cod_hierarquia_regiao,platafcs,codgercs,platafcd,codgercd,id_conta_bancaria,num_agencia,num_conta,num_conta_dac,conta_gestora,des_cpfcnpj_status,des_cpfcnpj14_status,des_conta_status,dat_inicio_relacionamento_harmonizacao,anomesdia
f5b77b52-f3a1-43e5-b8e0-d10d43d4e3e8,12345678,12345678000550,0005,João5 da Silva Filial 3,001,A,101,201,301,Plataforma A,Gerente 1,Plataforma B,Gerente 2,1234,567,8910,1111,Gestora 1,Ativo,Ativo,Ativo,2023-01-01,20241030
f47ac10b-58cc-4372-a567-0e02b2c3d479,12345678,12345678000180,0001,MJoão da Silva,001,A,101,201,301,Plataforma A,Gerente 1,Plataforma B,Gerente 2,1234,567,8910,1111,Gestora 1,Ativo,Ativo,Ativo,2023-01-01,20241030
e7d5c2a6-4e35-4b30-8d3d-1a1e62af13d2,12345678,12345678000365,0003,João da Silva Filial 2,001,A,101,201,301,Plataforma A,Gerente 1,Plataforma B,Gerente 2,1234,567,8910,1111,Gestora 1,Ativo,Ativo,Ativo,2023-01-01,20241030
f5b77b54-f3a1-43e5-b8e0-d10d43d4e3e8,12345678,12345678000450,0004,João da Silva Filial 3,001,A,101,201,301,Plataforma A,Gerente 1,Plataforma B,Gerente 2,1234,567,8910,1111,Gestora 1,Ativo,Ativo,Ativo,2023-01-01,20241030
8b4e8c8c-1cce-4e3d-8b28-5f4b5e4072bc,12312312300,12312312300199,0001,MCarlos Pereira Modou de Nome,003,C,103,203,303,Plataforma B,Gerente 2,Plataforma A,Gerente 1,5678,123,4567,3333,Gestora 3,Ativo,Inativo,Inativo,2023-03-10,20241030
4c6a9b39-55f5-4c71-aeb0-ec2a3f2bc78d,98765432100,98765432100199,0001,MMaria Oliveira,002,B,102,202,302,Plataforma A,Gerente 1,Plataforma C,Gerente 3,4321,876,5432,2222,Gestora 2,Inativo,Ativo,Ativo,2023-02-15,20241030
e7d5c2a6-4e35-4b30-8d3d-1a1e62af13d2,12345678,12345678000365,0003,João da Silva Filial 2,001,A,101,201,301,Plataforma A,Gerente 1,Plataforma B,Gerente 2,1234,567,8910,1111,Gestora 1,Ativo,Ativo,Ativo,2023-01-01,20241029
f5b77b54-f3a1-43e5-b8e0-d10d43d4e3e8,12345678,12345678000450,0004,João da Silva Filial 3,001,A,101,201,301,Plataforma A,Gerente 1,Plataforma B,Gerente 2,1234,567,8910,1111,Gestora 1,Ativo,Ativo,Ativo,2023-01-01,20241029
8b4e8c8c-1cce-4e3d-8b28-5f4b5e4072bc,12312312300,12312312300199,0001,MCarlos Pereira,003,C,103,203,303,Plataforma B,Gerente 2,Plataforma A,Gerente 1,5678,123,4567,3333,Gestora 3,Ativo,Inativo,Inativo,2023-03-10,20241029
b34f5db4-f3c2-4c2e-a99b-8e4eafc3a9de,32132132100,32132132100199,0001,MAna Costa,004,A,104,204,304,Plataforma C,Gerente 3,Plataforma B,Gerente 2,8765,456,7890,4444,Gestora 1,Ativo,Ativo,Ativo,2023-04-20,20241022
c21bfe72-bf62-4423-bbcb-f947d39146e7,45645645600,45645645600199,0001,MFernando Lima,005,B,105,205,305,Plataforma A,Gerente 1,Plataforma C,Gerente 3,1357,246,8130,5555,Gestora 2,Inativo,Inativo,Ativo,2023-05-05,20241022
f47ac10b-58cc-4372-a567-0e02b2c3d479,10045678,12345678000180,0001,MRonaldo da Silva,001,A,101,201,301,Plataforma A,Gerente 1,Plataforma B,Gerente 2,1234,567,8910,1111,Gestora 1,Ativo,Ativo,Ativo,2023-01-01,20241030
e7d5c2a6-4e35-4b30-8d3d-1a1e62af13d2,10145678,12345678000365,0001,MMarcos da Silva Filial 2,001,A,101,201,301,Plataforma A,Gerente 1,Plataforma B,Gerente 2,1234,567,8910,1111,Gestora 1,Ativo,Ativo,Ativo,2023-01-01,20241030
f5b77b54-f3a1-43e5-b8e0-d10d43d4e3e8,10245678,12345678000450,0001,MJoão 3  da Silva Filial 3,001,A,101,201,301,Plataforma A,Gerente 1,Plataforma B,Gerente 2,1234,567,8910,1111,Gestora 1,Ativo,Ativo,Ativo,2023-01-01,20241030
8b4e8c8c-1cce-4e3d-8b28-5f4b5e4072bc,10212312300,12312312300199,0001,MCarlos 2 Pereira Modou de Nome,003,C,103,203,303,Plataforma B,Gerente 2,Plataforma A,Gerente 1,5678,123,4567,3333,Gestora 3,Ativo,Inativo,Inativo,2023-03-10,20241030
e7d5c2a6-4e35-4b30-8d3d-1a1e62af13d2,10145678,12345678000365,0001,MMarcos 2 da Silva Filial 2,001,A,101,201,301,Plataforma A,Gerente 1,Plataforma B,Gerente 2,1234,567,8910,1111,Gestora 1,Ativo,Ativo,Ativo,2023-01-01,20241029
